model,fid_mean,fid_std,precision_mean,precision_std,recall_mean,recall_std,f1_mean,f1_std
705,20.750846681342214,0.5631276181415776,0.8070400000000001,0.005218083939531831,0.42573999999999995,0.007183481050298655,0.5573684867437205,0.00569294760198894
557,26.335747093301716,0.277195698122403,0.7628,0.005798448068233429,0.4328,0.010699906541647921,0.5521453544483778,0.008052773925091478
358,38.598824102542906,0.5135276502164645,0.8482200000000001,0.009920262093311849,0.09796,0.0032579748310875567,0.17561041497952462,0.005139555624540732
