,Exp,Model,Accuracy,Precision,Recall,F1
5,logs_resnet_128_705_test_2_dataset_val,Real 5,0.5548571428571428,0.5987318881545713,0.5548571428571429,0.5378932610226881
40,logs_resnet_256_557_test_4_dataset_val,Real 4,0.5497142857142857,0.5846881350500167,0.5497142857142857,0.5376780403900117
19,logs_resnet_128_705_test_2_dataset_val_2,Real 5,0.5414285714285715,0.6027368496677026,0.5414285714285715,0.5311669994568003
